{"cameraMode":{"drawMode":0,"name":"Shaded","section":"Shading Mode"},"sceneLighting":true,"audioPlay":false,"sceneViewState":{"showFog":true,"showMaterialUpdate":false,"showSkybox":true,"showFlares":true,"showImageEffects":true,"showParticleSystems":true},"in2DMode":false,"pivot":{"x":6.668505668640137,"y":5.9363813400268559,"z":26.697057723999025},"rotation":{"x":0.09589926898479462,"y":-0.9025148749351502,"z":0.2673570513725281,"w":0.32372531294822695},"size":0.8823062777519226,"orthographic":false}